date,ticker,pred_ret,realized_ret,pred_vol,realized_vol,weight
2015-04-30,SPY,0.008879845482354412,0.014919317227870543,0.008445047,0.006587071891997687,0.0
2015-04-30,QQQ,0.008841988226772398,0.02592245979743124,0.009351005,0.00835068967594284,0.0
2015-04-30,IWM,0.008555766340752124,0.025581873156630408,0.00933045,0.00643486336635237,0.0
2015-04-30,EFA,0.008100132492520286,-0.0007518096446232914,0.009044283,0.009476494223279383,0.0
2015-04-30,EEM,-0.016043116688602962,-0.04477603969659205,0.009200886,0.008166539353562695,0.0
2015-04-30,TLT,0.009473726130247918,-0.03421664066578889,0.010834761,0.011736419272178231,0.3333333333333333
2015-04-30,GLD,0.012788615342326948,0.004670827298802971,0.008698919,0.007283511762757303,0.3333333333333333
2015-04-30,VNQ,0.03110216668023824,0.009196081166065184,0.011149182,0.010601527732739001,0.3333333333333333
2015-06-30,SPY,0.00803746048336332,0.024143518146968024,0.00869534,0.007496456240354191,0.0
2015-06-30,QQQ,0.008706039688441925,0.046791373423094695,0.009616557,0.009241234139144561,0.3333333333333333
2015-06-30,IWM,0.008448071572213231,-0.016428138550290905,0.009461392,0.008175838947684016,0.0
2015-06-30,EFA,0.010490019253662091,0.014333077866815813,0.0097229015,0.012101493626299416,0.3333333333333333
2015-06-30,EEM,0.008332548810116197,-0.07319568205458526,0.01639691,0.01500950766086341,0.0
2015-06-30,TLT,0.013028780833774092,0.0377805849311621,0.008491996,0.009693752778271683,0.3333333333333333
2015-06-30,GLD,0.0070502426274460005,-0.07208334880780276,0.008491996,0.007318842846540895,0.0
2015-06-30,VNQ,0.007677928843708264,0.04940375965990196,0.011728845,0.006761396721615237,0.0
2015-07-31,SPY,0.007096136225763576,-0.060949907681613014,0.009617038,0.01686572890126001,0.0
2015-07-31,QQQ,0.006756751365163322,-0.06824452894101951,0.01014943,0.020093613274745615,0.0
2015-07-31,IWM,0.008232389480358948,-0.06311005489563071,0.010560923,0.014236392121420055,0.3333333333333333
2015-07-31,EFA,0.015540464528653892,-0.07425126208619515,0.010560923,0.013260399716036906,0.3333333333333333
2015-07-31,EEM,0.0061441478219441525,-0.08836217524391299,0.010560923,0.0198528998914999,0.0
2015-07-31,TLT,-0.020996517359491356,-0.006894946302805849,0.0090744775,0.009798729660689679,0.0
2015-07-31,GLD,0.008885713948761781,0.03707232801234017,0.010560923,0.0084173439750063,0.3333333333333333
2015-07-31,VNQ,0.004941119231734709,-0.06291163468286443,0.007840868,0.01605151522793116,0.0
2015-08-31,SPY,0.0020541294148498784,-0.025515913715507765,0.01160259,0.01417895426859782,0.0
2015-08-31,QQQ,-0.022341181996834082,-0.02207303870049615,0.011915704,0.015902541056304523,0.0
2015-08-31,IWM,0.007447222856069609,-0.049363111835526,0.01160259,0.013612935337605409,0.3333333333333333
2015-08-31,EFA,0.02303352740595911,-0.044188926641148596,0.01160259,0.015964726135978335,0.3333333333333333
2015-08-31,EEM,-0.02476665387881772,-0.03132410313788392,0.01160259,0.018312553549253766,0.0
2015-08-31,TLT,0.00513996565799483,0.019668766604902466,0.011072261,0.010491925498520455,0.0
2015-08-31,GLD,0.003444039119966998,-0.01801138660144541,0.009655364,0.008586570889531344,0.0
2015-08-31,VNQ,0.014035207757424218,0.030597536744488396,0.01160259,0.011515221374387225,0.3333333333333333
2015-09-30,SPY,0.0010668218390874054,0.08975631529468853,0.012622318,0.007919284659097175,0.0
2015-09-30,QQQ,0.017701972679783323,0.1187105489391298,0.014373671,0.009283510089471071,0.3333333333333333
2015-09-30,IWM,0.018746846210211107,0.061080574384936304,0.014022851,0.013160569995701685,0.3333333333333333
2015-09-30,EFA,0.0062405404334465895,0.068388100279835,0.012195595,0.008954429096154326,0.0
2015-09-30,EEM,0.044300706937108435,0.061928503161831294,0.013989115,0.014225042983517204,0.3333333333333333
2015-09-30,TLT,0.006428095306737107,-0.011550599905281844,0.009384502,0.007213565681731932,0.0
2015-09-30,GLD,0.0076490807477392845,0.026763995826465603,0.009384502,0.008702529560576116,0.0
2015-09-30,VNQ,-0.00043906142414929715,0.06738132796278795,0.010828129,0.007612877577194052,0.0
2015-11-30,SPY,0.007006590875428532,-0.007352865673579623,0.009970514,0.011553495434321048,0.3333333333333333
2015-11-30,QQQ,0.00866298608202115,-0.0035437672267967235,0.009970514,0.012686426971496193,0.3333333333333333
2015-11-30,IWM,0.0019421828491152735,-0.038329428156672285,0.009970514,0.0117242204003613,0.0
2015-11-30,EFA,0.005216401065400396,-0.01001249818449812,0.009970514,0.010388979525775471,0.0
2015-11-30,EEM,0.007283828816041658,-0.035210491059486926,0.011192247,0.012664672430542943,0.3333333333333333
2015-11-30,TLT,0.005225614781078212,-0.007436939219394811,0.009970514,0.010331411369241579,0.0
2015-11-30,GLD,0.006115323147320915,-0.004905808565372927,0.009970514,0.010999665572377247,0.0
2015-11-30,VNQ,0.005794557398358304,0.027249821849669287,0.009970514,0.010604838980490652,0.0
2015-12-31,SPY,0.008364320617280152,-0.0672489874898311,0.01144211,0.01475423080630133,0.3333333333333333
2015-12-31,QQQ,0.002105241332084474,-0.08680478104030731,0.01144211,0.018524671000292644,0.0
2015-12-31,IWM,0.008490229080166048,-0.10957185078340992,0.01144211,0.01751869894348212,0.3333333333333333
2015-12-31,EFA,0.00699827338844335,-0.07816756893269838,0.01144211,0.016540901037907698,0.0
2015-12-31,EEM,0.00021021767676703335,-0.08977945239220597,0.01144211,0.020586720735948857,0.0
2015-12-31,TLT,0.009898001063587502,0.07202469521959598,0.01128583,0.008459370840513044,0.3333333333333333
2015-12-31,GLD,0.007753117683833697,0.06534592266158046,0.01144211,0.009009735307460487,0.0
2015-12-31,VNQ,0.004503622875256407,-0.04151532642733635,0.01144211,0.014687353576991326,0.0
2016-02-29,SPY,0.0023168460973234523,0.06986213417542486,0.010297875,0.007167664032057901,0.0
2016-02-29,QQQ,0.02149241410034135,0.07009193513298673,0.016322084,0.009290940176969032,0.3333333333333333
2016-02-29,IWM,0.013921118551048724,0.07710774494899231,0.0138476845,0.013097160610166816,0.3333333333333333
2016-02-29,EFA,-0.0030139780779128962,0.07644977908265327,0.014560381,0.010008173121286625,0.0
2016-02-29,EEM,0.024042586358110945,0.13060687383354952,0.01505639,0.013727019319163977,0.3333333333333333
2016-02-29,TLT,0.005653457680078438,-0.007970535840935544,0.009755589,0.007442047819322322,0.0
2016-02-29,GLD,-0.002442541445051541,-0.012980452827461075,0.0081490325,0.012004713461434226,0.0
2016-02-29,VNQ,-0.008089804514251423,0.09793116782675937,0.0140913995,0.010327747830440633,0.0
2016-03-31,SPY,0.00473640213125047,0.003941420676702334,0.009481262,0.006446042878196477,0.0
2016-03-31,QQQ,0.008775150769650361,-0.03186798131232049,0.009812078,0.008542280822269158,0.3333333333333333
2016-03-31,IWM,0.0001908090021872599,0.016722231797159592,0.009042748,0.009167454109116947,0.0
2016-03-31,EFA,0.007030603202253789,0.02221836730486748,0.009831291,0.011103194528370984,0.3333333333333333
2016-03-31,EEM,0.0030370490838052405,0.0040876038454995545,0.014422918,0.012014316104291899,0.0
2016-03-31,TLT,0.00515366162268224,-0.007365263479687134,0.009548349,0.006632468504594632,0.0
2016-03-31,GLD,0.003966711611588897,0.051088083708025867,0.011430078,0.010316620189540968,0.0
2016-03-31,VNQ,0.007563874511326118,-0.023508178067128793,0.010148151,0.007681638071242303,0.3333333333333333
2016-05-31,SPY,0.005459897928488991,-0.010032682521633918,0.005,0.01158599073192181,0.0
2016-05-31,QQQ,0.004985013912341455,-0.03395753849369054,0.007344755,0.013222822654138117,0.0
2016-05-31,IWM,-0.004641121325537256,-0.018435136785058037,0.009940578,0.014932489084463678,0.0
2016-05-31,EFA,0.005830446127695751,-0.03852854534662986,0.009066477,0.024388924847964753,0.3333333333333333
2016-05-31,EEM,-0.008035729512498735,0.03524491014528852,0.009648849,0.01989027249165363,0.0
2016-05-31,TLT,0.0057664069543667705,0.0654157261389483,0.005987742,0.010005644877484336,0.3333333333333333
2016-05-31,GLD,0.0011120874053790924,0.0842667498279015,0.010116782,0.014345891605418583,0.0
2016-05-31,VNQ,0.010677500205149801,0.05831028498603552,0.009903418,0.006697434168365102,0.3333333333333333
2016-06-30,SPY,0.016042740056719997,0.0356122412164146,0.009412259,0.004618455183191086,0.3333333333333333
2016-06-30,QQQ,0.005206212678920801,0.07718069912176695,0.010271644,0.005173414940683251,0.0
2016-06-30,IWM,0.016265831445279655,0.05962333697155087,0.011486464,0.007734341574280638,0.3333333333333333
2016-06-30,EFA,0.010067959928578408,0.032963402078896475,0.014348337,0.00854529885676662,0.0
2016-06-30,EEM,0.013489015620099612,0.05180441466386054,0.0124172345,0.009714756940796427,0.0
2016-06-30,TLT,0.007323514118623282,0.009954939597077717,0.009440947,0.008918320551096108,0.0
2016-06-30,GLD,0.019153704865868863,0.0217442869728528,0.011648418,0.009558638650429557,0.3333333333333333
2016-06-30,VNQ,0.005555156314668017,0.04488566821612805,0.008551719,0.007149949625913088,0.0
2016-08-31,SPY,0.005989229611046226,5.8275355245385185e-05,0.008286123,0.008940997167813996,0.3333333333333333
2016-08-31,QQQ,0.0059270063676134565,0.02213526734521487,0.008393499,0.0096621338555239,0.3333333333333333
2016-08-31,IWM,0.0025612960400808005,0.010737742224036895,0.008615797,0.011938612440623712,0.0
2016-08-31,EFA,0.0016323921288507112,0.013367399251541734,0.009110305,0.01058250362778663,0.0
2016-08-31,EEM,-0.004596790031574009,0.0251850258545665,0.009110305,0.01550845761985016,0.0
2016-08-31,TLT,0.0058054727885348155,-0.01508455607897563,0.00892261,0.007391938010948272,0.3333333333333333
2016-08-31,GLD,1.1635207742615242e-07,0.006892135107908315,0.009110305,0.0066820405824956595,0.0
2016-08-31,VNQ,0.005743786003716819,-0.01832562057473608,0.008977563,0.013537523922641247,0.0
2016-09-30,SPY,0.00636571733821494,-0.017337181857909,0.008369755,0.004242492655963289,0.0
2016-09-30,QQQ,0.006153759132537746,-0.014572020869030533,0.010412669,0.005632511777863887,0.0
2016-09-30,IWM,0.01070809514713242,-0.04597029986069223,0.009722658,0.007088658996696307,0.3333333333333333
2016-09-30,EFA,0.008051817630688447,-0.022154573382553,0.009791421,0.004639527080837198,0.0
2016-09-30,EEM,0.0194577056020203,-0.008277741403739602,0.0109760985,0.009351069710635032,0.3333333333333333
2016-09-30,TLT,0.004960720838445659,-0.04380627025500361,0.010366615,0.0056850717021617115,0.0
2016-09-30,GLD,0.004845273381029535,-0.02944919584699579,0.009982,0.008812848746293407,0.0
2016-09-30,VNQ,0.014898455978123167,-0.05741282315960716,0.009337646,0.01081297946186161,0.3333333333333333
2016-10-31,SPY,0.0010124334473065014,0.036838549284786026,0.008663725,0.006635882103937646,0.0
2016-10-31,QQQ,0.0052854358161685865,0.004359269061139148,0.009469878,0.009543370472308603,0.3566568241019968
2016-10-31,IWM,0.0032122529768031805,0.11063296815185986,0.009990639,0.011809090246865703,0.2866863517960064
2016-10-31,EFA,0.0026668469046301595,-0.017813802322114602,0.010623965,0.006687381189666232,0.0
2016-10-31,EEM,-0.008864466517827685,-0.04415729229281762,0.0095274085,0.015568076372309534,0.0
2016-10-31,TLT,-0.0014300212531880164,-0.08213725377580983,0.012304256,0.011584810298376078,0.0
2016-10-31,GLD,0.010059593720876815,-0.08356570639157301,0.007296671,0.009586120945340466,0.3566568241019968
2016-10-31,VNQ,0.0007103854831991897,-0.016756139996285446,0.009820722,0.01233263527412127,0.0
2016-11-30,SPY,0.008095791660320713,0.020271782782863346,0.00854037,0.0050444550370250755,0.0
2016-11-30,QQQ,0.006491266692708528,0.011322650792801259,0.009014231,0.007149286459371597,0.0
2016-11-30,IWM,0.011160881322941362,0.0288446509336564,0.010247379,0.008572301866542282,0.3333333333333333
2016-11-30,EFA,0.0022334804989652774,0.027062748874612463,0.007306017,0.006284030086372774,0.0
2016-11-30,EEM,0.023955652317244527,-0.002526943269750892,0.011570489,0.010705315107267006,0.3333333333333333
2016-11-30,TLT,0.005921331766882845,-0.0046262027667826056,0.009285666,0.006894797965655091,0.0
2016-11-30,GLD,0.019494791921998846,-0.019149882681417818,0.010029434,0.007046394809058048,0.3333333333333333
2016-11-30,VNQ,0.00959234102716156,0.04817040679070428,0.009912785,0.010593397995684987,0.0
2017-01-31,SPY,0.0068243353033647525,0.04720238628788609,0.009711741,0.004249395048912516,0.3333333333333333
2017-01-31,QQQ,0.0057875404919068875,0.04985167670464197,0.009711741,0.0037382953409061254,0.0
2017-01-31,IWM,0.0073532379721521915,0.02602984374072359,0.009711741,0.008715619528373495,0.3333333333333333
2017-01-31,EFA,0.006935112973204486,0.015763823012878486,0.009711741,0.004277928655062002,0.3333333333333333
2017-01-31,EEM,0.004963476671448121,0.014997407175961097,0.009711741,0.007903457939748209,0.0
2017-01-31,TLT,0.00541837771651333,-0.00477108736235099,0.0103054205,0.007333061387473113,0.0
2017-01-31,GLD,0.005671068559924594,0.017568141286743,0.010170189,0.006039575935214429,0.0
2017-01-31,VNQ,0.001232023113687821,0.026344095122492917,0.010320646,0.006445312808913524,0.0
2017-02-28,SPY,0.005950076730176752,0.0004002969491856412,0.010574704,0.005458761175696464,0.0
2017-02-28,QQQ,0.002467678538235192,0.01926668848204338,0.010574704,0.005270495324129903,0.0
2017-02-28,IWM,0.0060481477612756894,-0.008834291379757775,0.010574704,0.009595408037721046,0.3333333333333333
2017-02-28,EFA,0.006002888458729348,0.037454264560906614,0.010574704,0.005611597635052221,0.3333333333333333
2017-02-28,EEM,0.005639992796792746,0.04974970671180978,0.010574704,0.010059767353548896,0.0
2017-02-28,TLT,0.0055400533877134756,-0.0013661929838122422,0.010574704,0.006833235537632568,0.0
2017-02-28,GLD,0.005974601167030041,0.0008387022670941491,0.010574704,0.0066995722531396126,0.3333333333333333
2017-02-28,VNQ,0.0056553206753173334,-0.03179810103234437,0.010144118,0.007979954972207812,0.0
2017-03-31,SPY,0.00598502631663673,0.012853302918087062,0.008613101,0.0045314368416151255,0.0
2017-03-31,QQQ,0.005498636119071738,0.03814744278557125,0.008358635,0.0048360760668710485,0.0
2017-03-31,IWM,0.005777198246780267,0.012147260324198772,0.008929298,0.008661741826022147,0.0
2017-03-31,EFA,0.00739486334789658,0.033713426421823955,0.008302518,0.006806662776992819,0.3333333333333333
2017-03-31,EEM,0.006975888251833492,0.03021092859053942,0.008689349,0.006747369583295059,0.3333333333333333
2017-03-31,TLT,0.0059582087266848265,0.01244579717938965,0.008510344,0.00643263500799925,0.0
2017-03-31,GLD,0.0075548369906182624,0.007833560441486975,0.0085260365,0.006039592968932524,0.3333333333333333
2017-03-31,VNQ,0.006177120783691569,0.006659475310561103,0.008817087,0.005699742796054303,0.0
2017-05-31,SPY,0.007208349585880841,0.004501951647421398,0.008378866,0.004787826541667557,0.3333333333333333
2017-05-31,QQQ,0.007188597420022321,-0.02353409585725419,0.008405044,0.010593219102568994,0.0
2017-05-31,IWM,0.0067790563776729835,0.035358030082782266,0.00829249,0.007983286355373004,0.0
2017-05-31,EFA,0.007116952226941474,0.0023450073786674963,0.008405044,0.006076200910287264,0.0
2017-05-31,EEM,0.006651103057264316,0.004633365035781933,0.008405044,0.00736925699812357,0.0
2017-05-31,TLT,0.008965144194292994,0.01025461288970586,0.008405044,0.00624875548378087,0.3333333333333333
2017-05-31,GLD,0.00739918955013192,-0.0190681727689066,0.008329642,0.005430587110217403,0.3333333333333333
2017-05-31,VNQ,0.006980805112375764,0.0223261190435744,0.008236357,0.005762028313291466,0.0
2017-06-30,SPY,0.0069465862325634635,0.022828854455361647,0.006645076,0.0034366092764594857,0.0
2017-06-30,QQQ,0.01785055262812864,0.04301087141397919,0.008785225,0.006165430594920709,0.3333333333333333
2017-06-30,IWM,0.006991511469212499,0.010449032102389566,0.007951213,0.006089800162097308,0.3333333333333333
2017-06-30,EFA,0.006920994568892748,0.03220852091484061,0.007230299,0.003528942610435817,0.0
2017-06-30,EEM,0.006875548538383347,0.061367671044261884,0.008031628,0.006900485010443653,0.0
2017-06-30,TLT,0.0074243170475982515,0.00039153261552082874,0.007187227,0.005551400102150442,0.3333333333333333
2017-06-30,GLD,0.005712246739836794,0.02228440058989789,0.007448944,0.006034585644384256,0.0
2017-06-30,VNQ,0.0069465862325634635,0.01694117668340156,0.007125741,0.008047794870861472,0.0
2017-07-31,SPY,0.006908691475470316,-0.007780796511382859,0.008789979,0.005926443814023039,0.3333333333333333
2017-07-31,QQQ,0.006367876045534227,-0.0018149719666467057,0.008815186,0.008561083500638672,0.0
2017-07-31,IWM,0.0065487208236185875,-0.02840810892160639,0.008801151,0.008187211748806211,0.0
2017-07-31,EFA,0.007715327659940735,-0.006723188013516235,0.008785063,0.005327899585554176,0.3333333333333333
2017-07-31,EEM,0.006507088300725006,0.020319823056820008,0.008799868,0.008323277224371482,0.0
2017-07-31,TLT,0.006908691475470316,0.03133992972437927,0.008788238,0.005098006488302849,0.0
2017-07-31,GLD,0.006908691475470316,0.030393359577186807,0.008811649,0.006240579059107092,0.0
2017-07-31,VNQ,0.006984906731408004,-0.013885547500629536,0.008816143,0.007069746637487398,0.3333333333333333
2017-08-31,SPY,0.007631246156384932,0.024575403228516812,0.0062788175,0.003396533601235944,0.3333333333333333
2017-08-31,QQQ,0.007410885496499471,-0.0020613102678906925,0.009192759,0.00575612441007308,0.0
2017-08-31,IWM,0.007208942423557164,0.07609795868867764,0.008033058,0.005848518186787628,0.0
2017-08-31,EFA,0.0075905228208019695,0.022720517695244302,0.006376872,0.0042127457746803775,0.3333333333333333
2017-08-31,EEM,0.0073246241084420115,-0.00022331629574168232,0.0088715255,0.007507763443578663,0.0
2017-08-31,TLT,0.007190579762446426,-0.02501794127313517,0.0058829403,0.006947727678246887,0.0
2017-08-31,GLD,0.007186211404792899,-0.04013672757913345,0.0059872773,0.007481773149243971,0.0
2017-08-31,VNQ,0.007963609941468662,-0.0025833107479188433,0.006906489,0.005804400990944672,0.3333333333333333
2017-10-31,SPY,0.007716538674503712,0.030565807500037012,0.0077519137,0.004077967396106676,0.3333333333333333
2017-10-31,QQQ,0.0075487171314742385,0.019717520468044647,0.0077519137,0.006564717689586971,0.0
2017-10-31,IWM,0.00759471159166534,0.02941158410532041,0.0077519137,0.006584553548265188,0.3333333333333333
2017-10-31,EFA,0.007784946719374695,0.0068934124959076915,0.0077519137,0.004562787291243238,0.3333333333333333
2017-10-31,EEM,0.0075600345072961515,-0.003889232285300026,0.0077519137,0.009200408374158774,0.0
2017-10-31,TLT,0.007463627385348491,0.0074319598254368735,0.008305868,0.00614282465348286,0.0
2017-10-31,GLD,0.006346430326777832,0.003563440057186007,0.007451768,0.006078509016008176,0.0
2017-10-31,VNQ,0.007290307390645057,0.0266421531016523,0.0077519137,0.00518052538171524,0.0
2017-11-30,SPY,0.008064223580797013,0.01937198762314729,0.0073802313,0.003672675019929095,0.3333333333333333
2017-11-30,QQQ,0.007678330916199535,0.023664258420672768,0.008444297,0.006537447562946343,0.0
2017-11-30,IWM,0.007893527920573837,0.0054226083110502366,0.008095962,0.007132523162832263,0.3333333333333333
2017-11-30,EFA,0.007744401845337676,0.020984283676370508,0.0075532557,0.004130910033052514,0.0
2017-11-30,EEM,0.008120133444521612,0.05721395318108291,0.008578461,0.007709373614683554,0.3333333333333333
2017-11-30,TLT,0.007804718949917117,0.007130631762653161,0.008319542,0.007344115655781398,0.0
2017-11-30,GLD,0.006685981783142117,0.03344346079924421,0.008071828,0.005648917296482927,0.0
2017-11-30,VNQ,0.007610283268124186,-0.0052042809071779494,0.007455971,0.0069561824950892396,0.0
2018-01-31,SPY,0.003993988942686198,-0.045477112403538134,0.006703854,0.01688479116828193,0.0
2018-01-31,QQQ,-0.00579967972417123,-0.020129613664078727,0.0077666296,0.01893089034287605,0.0
2018-01-31,IWM,0.007791710949719351,-0.025646080413590067,0.007442021,0.01495369246784553,0.3333333333333333
2018-01-31,EFA,0.0063886642703974315,-0.05985897928452233,0.006852759,0.01537378786722521,0.0
2018-01-31,EEM,-0.011404367656821016,-0.05682936827763352,0.009456025,0.02057686694961621,0.0
2018-01-31,TLT,0.006719702179406599,-0.03173180913082452,0.0084321415,0.007496914197364114,0.0
2018-01-31,GLD,0.007900101845661126,-0.01770467770634765,0.007417373,0.00724510959631903,0.3333333333333333
2018-01-31,VNQ,0.007792695105034281,-0.07627450939001079,0.008846056,0.014660119535933627,0.3333333333333333
2018-02-28,SPY,0.016786908761894724,-0.027410575588965647,0.012668089,0.01269363556101979,0.3333333333333333
2018-02-28,QQQ,0.016353458067348458,-0.040788244876581614,0.013086153,0.016942313292732106,0.0
2018-02-28,IWM,0.01509338832266501,0.012175361736325385,0.011797331,0.012078734078910277,0.0
2018-02-28,EFA,0.016435246368376476,-0.008396126503068424,0.012187901,0.008636117291678447,0.3333333333333333
2018-02-28,EEM,0.02034854982896727,0.005414378522119456,0.014401269,0.014684505688419443,0.3333333333333333
2018-02-28,TLT,0.007022443471080217,0.028597108575381558,0.007962397,0.005453558450136044,0.0
2018-02-28,GLD,0.007949720259697623,0.006320007324218668,0.007845826,0.007132906308805801,0.0
2018-02-28,VNQ,0.013021580935540766,0.0389077572574148,0.012650131,0.008624850097627217,0.0
2018-04-30,SPY,-0.00042200550843479604,0.030622532430907956,0.010718118,0.006488928649309945,0.0
2018-04-30,QQQ,0.019521173017324023,0.05741307890266234,0.013579514,0.007274296321358613,0.3333333333333333
2018-04-30,IWM,-0.0020502585430604843,0.0701797412858336,0.010313853,0.005743641381445313,0.0
2018-04-30,EFA,0.0013958049027996415,-0.01272246872276328,0.007951657,0.007134435359061514,0.0
2018-04-30,EEM,0.004780738864834416,-0.025788364782145967,0.012374982,0.010598579145451861,0.0
2018-04-30,TLT,0.007869042952682847,0.02172685713871103,0.0076296753,0.007341255309785252,0.3333333333333333
2018-04-30,GLD,0.006921152660056798,-0.009792066997096227,0.007524016,0.004981862882288208,0.3333333333333333
2018-04-30,VNQ,-0.0010496521652212756,0.04034710289512322,0.008578081,0.0076403641967980615,0.0
2018-05-31,SPY,0.007619487640713995,0.005750710721183161,0.00994299,0.005366863987950482,0.3333333333333333
2018-05-31,QQQ,0.006425073307120486,0.01145026228528745,0.00994299,0.008689152682376895,0.0
2018-05-31,IWM,0.006140452847961504,0.006143495819817213,0.00994299,0.007136560686386979,0.0
2018-05-31,EFA,0.007662245348297548,-0.01584128051085998,0.00994299,0.006819445384610224,0.3333333333333333
2018-05-31,EEM,-0.001200387175607648,-0.04545685124484611,0.00994299,0.010818077051830383,0.0
2018-05-31,TLT,0.007984333391308105,0.006457739851118305,0.00994299,0.005349124816534694,0.3333333333333333
2018-05-31,GLD,0.00723344620053296,-0.03614944763120931,0.00994299,0.0045492383628127665,0.0
2018-05-31,VNQ,0.007375770567088275,0.04202188016453623,0.00994299,0.006614381123323776,0.0
2018-07-31,SPY,0.007252459111263803,0.036078599583648785,0.007528839,0.004414957917429198,0.0
2018-07-31,QQQ,0.007419912866153507,0.05831685581949664,0.010112774,0.005998900587857353,0.3333333333333333
2018-07-31,IWM,0.00740364433995213,0.039971066403475586,0.00877961,0.0056298801969600805,0.3333333333333333
2018-07-31,EFA,0.0072365085216583094,-0.00508120091931441,0.0074393926,0.00786473731205411,0.0
2018-07-31,EEM,5.496628059943377e-05,-0.016941833110664106,0.008900385,0.012894913594847028,0.0
2018-07-31,TLT,0.007280996476977541,0.013287778997467914,0.0076540112,0.0046371415301707805,0.0
2018-07-31,GLD,0.006205016584819225,-0.015432373036420755,0.007330693,0.007901018821129872,0.0
2018-07-31,VNQ,0.007997822099836667,0.02831334606240543,0.007698935,0.006266269265147426,0.3333333333333333
2018-08-31,SPY,0.007150042554615365,0.008851881997486322,0.006699229,0.003423477692940514,0.0
2018-08-31,QQQ,0.007075402821606812,-0.0030309740387458595,0.006837119,0.007075510594163812,0.0
2018-08-31,IWM,0.007150042554615365,-0.04654622417590615,0.006699229,0.005681823671247949,0.0
2018-08-31,EFA,0.00710925515242741,0.005643232408881982,0.0070123645,0.006170788787213881,0.0
2018-08-31,EEM,0.014430128436637638,-0.018068052229414544,0.010036726,0.009472779321788555,0.3333333333333333
2018-08-31,TLT,0.007151400867376652,-0.029879681189242002,0.006699229,0.005038402492411569,0.3333333333333333
2018-08-31,GLD,0.006654897233522458,0.003171532055117998,0.006699229,0.005305968071308512,0.0
2018-08-31,VNQ,0.007691610788742917,-0.037863520316067656,0.0071177096,0.008185806441616839,0.3333333333333333
2018-10-31,SPY,0.0127494795198186,0.018549019721908477,0.011827437,0.011834573780031889,0.0
2018-10-31,QQQ,0.015692512709222315,-0.0026497214714452655,0.015891524,0.01762305893658704,0.3333333333333333
2018-10-31,IWM,0.014185175965420358,0.017263224279448375,0.013026291,0.013687204004519846,0.0
2018-10-31,EFA,0.014360150054278683,0.004963152434047879,0.009890935,0.009752872611916269,0.3333333333333333
2018-10-31,EEM,0.022210001530710306,0.04902969530275647,0.013788395,0.016460117386687248,0.3333333333333333
2018-10-31,TLT,0.00453853361803279,0.017871744393546107,0.0069771786,0.004238262312576587,0.0
2018-10-31,GLD,0.007029500175169208,0.003386881324189961,0.007617969,0.005254018672872548,0.0
2018-10-31,VNQ,0.012080698333832626,0.046731596179504065,0.009165218,0.006540418817105048,0.0
2018-11-30,SPY,0.0019494359089932622,-0.10888384616802915,0.009076747,0.018437051506061137,0.0
2018-11-30,QQQ,0.015319327586981856,-0.11289727237487335,0.009076747,0.02355788189791325,0.3333333333333333
2018-11-30,IWM,0.004359685170593786,-0.1305688480518018,0.009076747,0.01874537371494268,0.0
2018-11-30,EFA,0.0057717868206290015,-0.06396398865073505,0.009076747,0.011332571250274067,0.0
2018-11-30,EEM,0.014538254354125106,-0.04996101157865829,0.009076747,0.012772722753924637,0.3333333333333333
2018-11-30,TLT,0.0060127729112624565,0.07621966283282666,0.009076747,0.006235776634689445,0.0
2018-11-30,GLD,0.007028680620931625,0.059633021767810046,0.009076747,0.005796951762873951,0.3333333333333333
2018-11-30,VNQ,0.004622341454383818,-0.09322060427703738,0.009076747,0.017202739578931044,0.0
2018-12-31,SPY,0.01533947213003632,0.0800650571476067,0.013525067,0.011487512926360986,0.0
2018-12-31,QQQ,0.040906204574638935,0.09010794184845827,0.016211042,0.016075207560908064,0.3333333333333333
2018-12-31,IWM,0.06324171090963364,0.11321903651465415,0.016367383,0.012079409599729918,0.3333333333333333
2018-12-31,EFA,0.01191326025288147,0.06634917727459655,0.0098277815,0.009444376017133221,0.0
2018-12-31,EEM,0.015578219908428831,0.10343009266310976,0.011304932,0.012144794859654908,0.0
2018-12-31,TLT,0.0022511225084854035,0.0037855533271555775,0.0072152438,0.005630729259978779,0.0
2018-12-31,GLD,0.007603830067327331,0.028865979381443196,0.007701274,0.0055418917565585556,0.0
2018-12-31,VNQ,0.022384864361944784,0.11854622711193885,0.014959148,0.008549197957509802,0.3333333333333333
2019-01-31,SPY,0.006766989857150748,0.035083705418341715,0.01025248,0.005099511250576763,0.0
2019-01-31,QQQ,0.00964591856370004,0.03722611979957269,0.013152808,0.006155687236198463,0.3333333333333333
2019-01-31,IWM,0.017894116403287724,0.051992282759823594,0.010000634,0.00682577649475658,0.3333333333333333
2019-01-31,EFA,0.007443434203553267,0.027121865226600983,0.008276322,0.006040919967408132,0.3333333333333333
2019-01-31,EEM,-0.0005889021115578349,-0.01276080052511186,0.010327704,0.00807192650850951,0.0
2019-01-31,TLT,0.005487964427262181,-0.015220986079728105,0.0066235815,0.005700475416147008,0.0
2019-01-31,GLD,0.005938604718925905,-0.02557116185495989,0.006466616,0.0068318213384957515,0.0
2019-01-31,VNQ,-0.011020182419042231,0.008392356596349515,0.008086344,0.005358307371740521,0.0
2019-02-28,SPY,0.007124031735618183,0.018100630922009753,0.008966414,0.007414343712548437,0.3333333333333333
2019-02-28,QQQ,0.019164251992457644,0.03924600086754726,0.01128102,0.009101562836822329,0.3333333333333333
2019-02-28,IWM,0.004332232496627177,-0.02093288668494231,0.009425041,0.0119248021411444,0.0
2019-02-28,EFA,0.005541045924662681,0.009180421223382362,0.008221474,0.006755136193092272,0.0
2019-02-28,EEM,0.0071075481380422955,0.011310180609836129,0.009960296,0.01097234247380083,0.0
2019-02-28,TLT,0.005556195677604138,0.0557170701368761,0.006739992,0.0059221720719682845,0.0
2019-02-28,GLD,0.007285675729337601,-0.01596899557748621,0.007349093,0.007263570343214931,0.3333333333333333
2019-02-28,VNQ,8.884181415916908e-05,0.04216497423004917,0.0095835375,0.006467806692000095,0.0
2019-04-30,SPY,0.007187516562808084,-0.05098272886412525,0.0069833035,0.009127453377442288,0.3333333333333333
2019-04-30,QQQ,0.003332433427253179,-0.0673737102334232,0.007162227,0.012235023445844428,0.0
2019-04-30,IWM,0.0053662411989686635,-0.06544941572797136,0.007839746,0.012400345654495649,0.0
2019-04-30,EFA,0.007016485198739018,-0.04164170278118573,0.0069833035,0.009402310041532157,0.3333333333333333
2019-04-30,EEM,0.005331063882860834,-0.0764852624210336,0.009341654,0.012504362150944805,0.0
2019-04-30,TLT,0.005528706020558921,0.05518205028510703,0.0069833035,0.00468255525095364,0.0
2019-04-30,GLD,0.005400196664163052,0.004042949715364452,0.0069833035,0.004787359399711982,0.0
2019-04-30,VNQ,0.005963924965526724,-0.004379128516949549,0.007364573,0.007780659577743112,0.3333333333333333
2019-05-31,SPY,0.012006205434148624,0.07929724336346755,0.009357575,0.0066502730918990335,0.3333333333333333
2019-05-31,QQQ,0.02313412924308115,0.09041930325320058,0.011530671,0.011156642580630505,0.3333333333333333
2019-05-31,IWM,0.020919743502065612,0.07397650837259961,0.012141984,0.009276867570199483,0.3333333333333333
2019-05-31,EFA,0.005738439083925532,0.06411149027849072,0.009275135,0.005959259080296638,0.0
2019-05-31,EEM,0.009384864048951719,0.07470079956018183,0.01129534,0.009276838244141375,0.0
2019-05-31,TLT,-0.0031085497132554807,0.007139953067556437,0.0069602374,0.005986054164475103,0.0
2019-05-31,GLD,0.007088849400015133,0.05910965035189997,0.006418282,0.009199872446271944,0.0
2019-05-31,VNQ,0.006291492547523837,0.015078525995305903,0.007598644,0.009196502541500493,0.0
2019-07-31,SPY,0.005611296522992536,-0.016306097940414155,0.008116151,0.014874500484479436,0.0
2019-07-31,QQQ,0.00284982008387122,-0.016640124414260105,0.008734229,0.0171976261349028,0.0
2019-07-31,IWM,0.006006114522703712,-0.0475855668572277,0.008229793,0.01632468085638702,0.3333333333333333
2019-07-31,EFA,0.00532145454360488,-0.02311864548517728,0.008611132,0.010842050482159015,0.0
2019-07-31,EEM,0.004984352338182275,-0.045247657010646036,0.008734229,0.014624203481603166,0.0
2019-07-31,TLT,0.005927210181901969,0.11019049748289378,0.007600871,0.010950489554589615,0.3333333333333333
2019-07-31,GLD,0.007586370557100335,0.08190066701786747,0.008516169,0.009559079279584165,0.3333333333333333
2019-07-31,VNQ,0.005593048510685645,0.036674888480946466,0.007865963,0.009475407463612565,0.0
2019-09-30,SPY,0.006792294116976543,0.02170039396255774,0.008622125,0.008454093171468481,0.3333333333333333
2019-09-30,QQQ,0.005553445223705109,0.03829275091710582,0.010817641,0.00977751322659704,0.0
2019-09-30,IWM,0.0058813806635765,0.03640846282376797,0.011959574,0.008902059223819281,0.0
2019-09-30,EFA,0.005383396680981644,0.03205019566240219,0.007758243,0.008156312655386959,0.0
2019-09-30,EEM,0.005268515217631688,0.04551027673535235,0.010300764,0.007357963794599276,0.0
2019-09-30,TLT,0.006614878885201573,-0.03836715209333663,0.0090433555,0.006977918175915416,0.3333333333333333
2019-09-30,GLD,0.006958015976738783,0.009937386990241937,0.009575551,0.005974221090687733,0.3333333333333333
2019-09-30,VNQ,0.005702988974159843,0.009437299472068839,0.0074659456,0.005473731898444065,0.0
2019-10-31,SPY,-0.0014936136169014821,0.027395725063654952,0.008752963,0.0041355899014629055,0.0
2019-10-31,QQQ,-0.0029576600015709113,0.030038209984063258,0.010026721,0.005186936117884384,0.0
2019-10-31,IWM,-0.0024302892961856693,0.030492341201778572,0.009195221,0.007350223323719254,0.0
2019-10-31,EFA,0.00549378612754004,0.006081445956961584,0.008475093,0.00434470517648483,0.0
2019-10-31,EEM,0.0012265837385567351,-0.0011743408100464148,0.008413637,0.007440901084102379,0.0
2019-10-31,TLT,0.006119336434612716,-0.017350058914289868,0.009311657,0.008074599395765323,0.3333333333333333
2019-10-31,GLD,0.005668278938199002,-0.032577403835234664,0.0076393983,0.0060360570347915855,0.3333333333333333
2019-10-31,VNQ,0.005584066315732935,-0.02799551154211921,0.0069238534,0.008198214342330654,0.3333333333333333
2019-12-31,SPY,0.006355503801958747,-0.0004038058598538896,0.007084922,0.007666344220516567,0.0
2019-12-31,QQQ,0.00042989678176189223,0.03038452842564876,0.0077609597,0.009424988534617174,0.0
2019-12-31,IWM,0.006334204696195204,-0.031025745669671978,0.0076589985,0.007558643339442081,0.0
2019-12-31,EFA,0.0064023039976473,-0.02822593443074317,0.0071248244,0.007804929745519114,0.3333333333333333
2019-12-31,EEM,0.006087120220029976,-0.06151094168216231,0.008293483,0.01395106965137938,0.0
2019-12-31,TLT,0.007844957902525502,0.07691191608906167,0.008183536,0.0076543484198000064,0.3333333333333333
2019-12-31,GLD,0.006006312622633505,0.04499655849690343,0.00666585,0.005964961367385298,0.0
2019-12-31,VNQ,0.006564609785246231,0.012286124478150251,0.007808351,0.007374351568675382,0.3333333333333333
2020-01-31,SPY,0.006693791895809223,-0.06679531674147321,0.0077056237,0.01907258946400314,0.0
2020-01-31,QQQ,0.006439501639393626,-0.04377609570333818,0.0077874837,0.02239582897294402,0.0
2020-01-31,IWM,0.0075186601247109845,-0.07836519649376861,0.0077056237,0.01741795738067832,0.3333333333333333
2020-01-31,EFA,0.00685075891957972,-0.0733550602518972,0.0077056237,0.013135557191787474,0.3333333333333333
2020-01-31,EEM,0.024058128856704917,-0.023509975841472408,0.011874995,0.015103359287496666,0.3333333333333333
2020-01-31,TLT,0.0020911781155011737,0.0748526063371826,0.0078885695,0.009254780310188669,0.0
2020-01-31,GLD,0.0014429527914835325,0.03053637917819585,0.0077056237,0.013191319043687541,0.0
2020-01-31,VNQ,0.006283681127343521,-0.0327909246089747,0.0077056237,0.018790582506044328,0.0
2020-03-31,SPY,0.11444496012275551,0.12698348297523854,0.02356558,0.025451777043369903,0.3333333333333333
2020-03-31,QQQ,0.11532626048535259,0.14973752728722922,0.023524873,0.02629957957062232,0.3333333333333333
2020-03-31,IWM,0.12742737725082523,0.13847662746014078,0.025482444,0.03639839743950716,0.3333333333333333
2020-03-31,EFA,0.07848358166073902,0.05817438616512005,0.023544744,0.022932681066693134,0.0
2020-03-31,EEM,0.09521680324998752,0.07354212157922868,0.024655813,0.02374495082583471,0.0
2020-03-31,TLT,-0.003744079015697455,0.012188883491253133,0.022337569,0.01118896762918272,0.0
2020-03-31,GLD,0.015244075620141155,0.07261060302877431,0.013571933,0.013188028152379383,0.0
2020-03-31,VNQ,0.09858541398940392,0.08962063228182116,0.023174964,0.0362812968449102,0.0
2020-04-30,SPY,0.01763048185436074,0.051879762064086066,0.017065173,0.013762438457278797,0.0
2020-04-30,QQQ,0.024901501376901978,0.06920656270323677,0.017106643,0.01268285531672312,0.0
2020-04-30,IWM,0.05057927949423278,0.0761257817817449,0.017819807,0.02577366298927335,0.3333333333333333
2020-04-30,EFA,0.049211658582584465,0.07777996460565317,0.016126618,0.015852434168043734,0.3333333333333333
2020-04-30,EEM,0.024542416144459924,0.053493367487311705,0.01671701,0.01700237137574314,0.0
2020-04-30,TLT,0.026234285203917435,-0.024233104264024807,0.011081814,0.009941616516662064,0.3333333333333333
2020-04-30,GLD,0.016885388127470344,0.03060453726041512,0.012786427,0.008402638568322905,0.0
2020-04-30,VNQ,0.017370457106742107,0.04086177843095373,0.018099068,0.023942611175846257,0.0
2020-06-30,SPY,0.0342134297705712,0.050590393476312334,0.015628878,0.008335892365272287,0.3333333333333333
2020-06-30,QQQ,0.03357236094325391,0.05464471197477638,0.014091586,0.013864198872347465,0.3333333333333333
2020-06-30,IWM,0.011202866244010975,0.038971728289509455,0.019726459,0.01429603666730458,0.0
2020-06-30,EFA,0.033032715841894184,0.04156401200959703,0.01514326,0.009948292006305285,0.0
2020-06-30,EEM,0.03394754233359493,0.09002264432467078,0.014978886,0.014945055669902892,0.3333333333333333
2020-06-30,TLT,0.005973022815234525,0.04502354658751195,0.007868767,0.006088157641257997,0.0
2020-06-30,GLD,0.0024911283280750797,0.09792674832889037,0.0087326905,0.007191159055927488,0.0
2020-06-30,VNQ,0.008344230598946583,0.03832927747245507,0.018831719,0.012016126862682374,0.0
2020-07-31,SPY,-0.009281832940792987,0.06979678641381226,0.010009717,0.005157686243288276,0.0
2020-07-31,QQQ,-0.020842165861488578,0.10944666114403856,0.011767738,0.010415435029912504,0.0
2020-07-31,IWM,0.02424798277769002,0.054764025477209044,0.012579707,0.008706878563604546,0.3333333333333333
2020-07-31,EFA,0.018195344257586198,0.04722020144511285,0.010727082,0.00848986126973736,0.0
2020-07-31,EEM,0.019969803150503257,0.02887508175605147,0.012576477,0.010610763979368396,0.3333333333333333
2020-07-31,TLT,0.007028485382975093,-0.05046487977144376,0.008264804,0.007553895488227444,0.0
2020-07-31,GLD,-0.01889502718191175,-0.0032356731296194763,0.009575275,0.018352775358555756,0.0
2020-07-31,VNQ,0.0223753579873349,0.004423152801076968,0.010921666,0.010195528754641593,0.3333333333333333
2020-08-31,SPY,-0.005959564313515522,-0.037443756536760575,0.008630095,0.015407675043758262,0.0
2020-08-31,QQQ,-0.019167722331140787,-0.05778609649351296,0.012449472,0.022491682292457113,0.0
2020-08-31,IWM,0.01776521265748573,-0.032613073894050215,0.010811824,0.01702948399760331,0.3333333333333333
2020-08-31,EFA,0.006502730870083179,-0.020467871484275313,0.010266786,0.011231845905714986,0.0
2020-08-31,EEM,0.018493095915543552,-0.010103400960978393,0.010361103,0.011774811826515472,0.3333333333333333
2020-08-31,TLT,0.009390430969383773,0.007733636813067601,0.00874255,0.006481891669502985,0.0
2020-08-31,GLD,-0.016896514578933874,-0.0417140433776253,0.012323657,0.008672781415118503,0.0
2020-08-31,VNQ,0.01662469212191742,-0.026642941154170208,0.010630518,0.016527560203482086,0.3333333333333333
2020-09-30,SPY,0.002135635179513888,-0.014661426740003591,0.01283767,0.012963662633843562,0.0
2020-09-30,QQQ,0.015264681233300215,-0.0052191551281179915,0.016009495,0.017120794380081163,0.34535885591308085
2020-09-30,IWM,0.0036225103483189217,0.03571627235253794,0.013741677,0.014306644561777803,0.0
2020-09-30,EFA,0.003219052567270162,-0.030479166962664284,0.010988332,0.010603080658425105,0.0
2020-09-30,EEM,0.004549376897673228,0.02562957211317718,0.01270011,0.009725483157462944,0.3092822881738382
2020-09-30,TLT,0.004538158887991612,-0.02422536133800579,0.008583886,0.007241291651207813,0.34535885591308085
2020-09-30,GLD,0.0029998801087252817,-0.00971093760230246,0.01022204,0.008167238806014158,0.0
2020-09-30,VNQ,0.0023356754377758765,-0.023556122469399754,0.014405074,0.01253127374822095,0.0
2020-11-30,SPY,0.004931552897397856,0.0318060991287088,0.0119947,0.005518081838214012,0.0
2020-11-30,QQQ,0.02276737490140308,0.04644940689478294,0.013703391,0.007307858054143111,0.3333333333333333
2020-11-30,IWM,0.020994284523109797,0.0884041904735482,0.011227827,0.010356622069703867,0.3333333333333333
2020-11-30,EFA,-0.0007924486326610501,0.058214241780896625,0.011651847,0.007599946360020642,0.0
2020-11-30,EEM,-0.0006528725109118524,0.07191651179403702,0.011185224,0.009231917358129909,0.0
2020-11-30,TLT,0.006298762481417167,-0.01371697308422537,0.009263184,0.006752598943077384,0.0
2020-11-30,GLD,0.008460437889235867,0.06617866982944531,0.015238255,0.008634412837946675,0.0
2020-11-30,VNQ,0.019639926217217038,0.017542803589487566,0.01299214,0.009836959864007108,0.3333333333333333
2020-12-31,SPY,0.006351830271619952,0.020514856929970904,0.008299429,0.011071170765960342,0.3333333333333333
2020-12-31,QQQ,0.02101762410397489,0.04443142653525167,0.009786171,0.01500041748257391,0.3333333333333333
2020-12-31,IWM,0.009969489156100733,0.0895133190515951,0.011037482,0.015577131054242592,0.3333333333333333
2020-12-31,EFA,-0.005775842699918346,0.01411696016436026,0.009994143,0.010503738380089108,0.0
2020-12-31,EEM,-0.0036808873342579263,0.07335003490903125,0.010790767,0.015655783677952263,0.0
2020-12-31,TLT,0.004014650182797114,-0.041431084999541845,0.008393133,0.007233706739819222,0.0
2020-12-31,GLD,0.002880238729610033,-0.035041489003209136,0.010006049,0.011810802808419998,0.0
2020-12-31,VNQ,0.005602487303016196,0.029318135483070495,0.009868275,0.012549967897085417,0.0
2021-03-31,SPY,0.005326008834980234,0.05291040143925829,0.012482642,0.006611816202177193,0.0
2021-03-31,QQQ,0.02698640447548723,0.059098158145342916,0.013713179,0.00957678671517944,0.3333333333333333
2021-03-31,IWM,0.025822110124187152,0.017878315366310016,0.013713179,0.011239064364056714,0.3333333333333333
2021-03-31,EFA,0.004461425268736756,0.02952408561445674,0.009718681,0.008387789615169935,0.0
2021-03-31,EEM,0.02655825655271569,0.011998581613180237,0.013713179,0.008285478376708472,0.3333333333333333
2021-03-31,TLT,0.003969019861562367,0.024950882042335865,0.010043877,0.007063366931610415,0.0
2021-03-31,GLD,0.00706512523445607,0.035633887903232075,0.005,0.0069773481297804385,0.0
2021-03-31,VNQ,0.00647663951787417,0.0785978746316216,0.012970777,0.006207561370614883,0.0
2021-04-30,SPY,0.004109991091773398,0.005679582177687825,0.00832821,0.008624796897424028,0.0
2021-04-30,QQQ,0.01645796110990781,-0.015296207712824361,0.01174308,0.012558399102856043,0.3333333333333333
2021-04-30,IWM,0.016800475128677553,0.01409583363273037,0.012379503,0.013900597421047546,0.3333333333333333
2021-04-30,EFA,0.004484734851784579,0.03853539618196611,0.008944061,0.009391242613730939,0.0
2021-04-30,EEM,0.0036192459347834886,0.03742123515100637,0.0090534175,0.011708419419025588,0.0
2021-04-30,TLT,0.006717327331127531,-0.0002021135507245253,0.008029639,0.005599594444866684,0.3333333333333333
2021-04-30,GLD,0.006646413761394064,0.07388621250631178,0.009170407,0.006448157096013277,0.0
2021-04-30,VNQ,0.0054959152085832415,0.026241085330968916,0.008601547,0.010679485161788424,0.0
2021-06-30,SPY,0.004754940981348389,0.02441254366216694,0.006659217,0.007152485721850826,0.0
2021-06-30,QQQ,0.004693682700276826,0.02860954706786689,0.00797987,0.006832060959123912,0.0
2021-06-30,IWM,0.004594648518374951,-0.03627314043784713,0.009831285,0.014031590440717388,0.0
2021-06-30,EFA,0.004850466096503772,0.007733210910889188,0.0076198233,0.008693314744612123,0.3333333333333333
2021-06-30,EEM,0.004792726236921429,-0.06436995359899922,0.0079699345,0.012533109764018812,0.0
2021-06-30,TLT,0.004237019008896419,0.037167128973688346,0.00854519,0.009373443387943737,0.0
2021-06-30,GLD,0.0123703018222489,0.025297363508325565,0.00949356,0.005186853176633989,0.3333333333333333
2021-06-30,VNQ,0.006774328475672163,0.04420885747422498,0.009278655,0.009128739006319983,0.3333333333333333
2021-08-31,SPY,0.004153470117480564,-0.04660579440465629,0.00677619,0.008040608684259504,0.0
2021-08-31,QQQ,0.003737067091206467,-0.05683137450071574,0.00823474,0.009013615960355844,0.0
2021-08-31,IWM,0.010406100803260059,-0.028803514229229443,0.010589482,0.011413477283082717,0.3333333333333333
2021-08-31,EFA,0.00412892657519183,-0.03261413967682625,0.0063240426,0.00886140113324207,0.0
2021-08-31,EEM,0.008042876540379724,-0.03873286695062261,0.008720907,0.010276433687053216,0.3333333333333333
2021-08-31,TLT,0.005069615158223931,-0.029070236431701146,0.006645007,0.009227052356446209,0.0
2021-08-31,GLD,0.004074182671532219,-0.03223525924924131,0.008238303,0.00947876779543908,0.0
2021-08-31,VNQ,0.005867152284685636,-0.05681455802674218,0.006768757,0.009624396169840899,0.3333333333333333
2021-09-30,SPY,0.008059779231965174,0.07016352185271613,0.009628168,0.0068511697996895705,0.3333333333333333
2021-09-30,QQQ,0.011674013267758463,0.07863986110863985,0.012175703,0.008891998186424773,0.3333333333333333
2021-09-30,IWM,0.003968544469452433,0.042514243304074384,0.0115882205,0.009639731667775236,0.0
2021-09-30,EFA,0.007240456004936452,0.03179082482949891,0.0113269575,0.006217055771755422,0.0
2021-09-30,EEM,0.005076122377805423,0.010718355700942261,0.012490968,0.009017985119544672,0.0
2021-09-30,TLT,0.00619293258320202,0.02465004267704085,0.011401378,0.008873782598119544,0.0
2021-09-30,GLD,0.00415546873329076,0.014797178527087285,0.0108781345,0.007018983669097313,0.0
2021-09-30,VNQ,0.01196165792870616,0.07133002735965865,0.010709591,0.00798104120260179,0.3333333333333333
2021-11-30,SPY,0.006305451259136319,0.04889127759050127,0.008045907,0.010879318274348898,0.0
2021-11-30,QQQ,0.004693975672241192,0.017879412479640866,0.009702344,0.015125854120291044,0.0
2021-11-30,IWM,0.008549515107592982,0.024921753763955223,0.013885967,0.016595128914649492,0.3333333333333333
2021-11-30,EFA,0.009339522191811387,0.04483802946624604,0.010102647,0.008662781876486053,0.3333333333333333
2021-11-30,EEM,0.007870752942609771,0.020057587050665404,0.011505541,0.009281599075343167,0.3333333333333333
2021-11-30,TLT,0.0076009698401867665,-0.02205595068484556,0.009736115,0.00887021024081998,0.0
2021-11-30,GLD,0.0069406138938297385,0.025981891551406733,0.0104604475,0.005520757968320203,0.0
2021-11-30,VNQ,0.006520851092315643,0.09402987953057429,0.0091701895,0.011579301311416174,0.0
2021-12-31,SPY,0.004788364006027489,-0.04634071916690907,0.010269401,0.011648465517300033,0.0
2021-12-31,QQQ,0.005877294375442048,-0.08126193372077839,0.011424506,0.017756950688284267,0.3333333333333333
2021-12-31,IWM,0.005944833611270084,-0.0858170406994454,0.01215261,0.017485287528654945,0.3333333333333333
2021-12-31,EFA,0.005975759965677793,-0.027198755100177552,0.00966645,0.008416685074008156,0.3333333333333333
2021-12-31,EEM,0.004407751880712612,0.005936574145661178,0.00936546,0.013507548892162219,0.0
2021-12-31,TLT,0.0053573162101332,-0.04232814135044194,0.010505469,0.01024474398839892,0.0
2021-12-31,GLD,0.004698493177595418,-0.01596871127232291,0.007985986,0.00844268742160796,0.0
2021-12-31,VNQ,0.0018665014265647367,-0.08749251809949032,0.010306736,0.011989961117064296,0.0
2022-01-31,SPY,0.01224230360763145,-0.026716464691154296,0.010032393,0.014455157973247198,0.0
2022-01-31,QQQ,0.027393713323790654,-0.043602886747999614,0.014026577,0.020349897402517043,0.3333333333333333
2022-01-31,IWM,0.03527207667857029,0.014907793673421432,0.014440217,0.016929319640906913,0.3333333333333333
2022-01-31,EFA,0.007632275897307568,-0.043524254708072196,0.009124655,0.013551769822505428,0.0
2022-01-31,EEM,0.006642920638027089,-0.054258785586757674,0.012136939,0.012041436149174557,0.0
2022-01-31,TLT,0.004032310189554743,-0.03897033730560717,0.0085070245,0.012684390907754658,0.0
2022-01-31,GLD,0.004256929930228483,0.06924861469001398,0.010117654,0.0080255123961854,0.0
2022-01-31,VNQ,0.014963392507529738,-0.02193135008798275,0.010261811,0.013465732952256958,0.3333333333333333
2022-02-28,SPY,0.0037879269391667266,0.06035738796682755,0.012120545,0.0147899616631736,0.0
2022-02-28,QQQ,0.014944305042453478,0.07165198210220725,0.01737208,0.021008052235070535,0.3333333333333333
2022-02-28,IWM,0.020685163294811796,0.04331184807804411,0.013894003,0.01768979144943901,0.3333333333333333
2022-02-28,EFA,0.008262161195800024,0.02635879582465228,0.01081951,0.019269260367677662,0.3333333333333333
2022-02-28,EEM,0.008120878651382965,-0.016263518281180223,0.012878451,0.024584833640072027,0.0
2022-02-28,TLT,0.005339700121861512,-0.06403692265769023,0.009375064,0.014826329873157707,0.0
2022-02-28,GLD,0.005206501676346503,0.004260536416821115,0.009334628,0.014235315118494126,0.0
2022-02-28,VNQ,0.00536803225788085,0.08362322852987636,0.011073619,0.011605607783950322,0.0
2022-03-31,SPY,0.004393678137854711,-0.08227793777707704,0.010644393,0.015481415821531909,0.0
2022-03-31,QQQ,0.015728232892687117,-0.12153143984444992,0.010644393,0.021623505650578155,0.3333333333333333
2022-03-31,IWM,0.01866107402434875,-0.08954058171494661,0.010644393,0.01588821823785114,0.3333333333333333
2022-03-31,EFA,0.013096595778689586,-0.06970095797772291,0.010644393,0.01037085761778472,0.3333333333333333
2022-03-31,EEM,0.009279641579145894,-0.0626799219912646,0.010644393,0.012017062741592224,0.0
2022-03-31,TLT,0.00393408640073587,-0.1099389976699583,0.010644393,0.010625891982532826,0.0
2022-03-31,GLD,0.00394227071777646,-0.03885961389898773,0.010644393,0.008160820433189254,0.0
2022-03-31,VNQ,0.004238064946075974,-0.06403969362047768,0.010644393,0.016026832060536754,0.0
2022-05-31,SPY,0.012978782759088932,-0.08246048907186754,0.013905842,0.01870400582344193,0.0
2022-05-31,QQQ,0.0055335947967670345,-0.08907888820451049,0.0168305,0.02339955176146632,0.0
2022-05-31,IWM,0.005492152608868751,-0.08366348843598581,0.014634723,0.020826578129985632,0.0
2022-05-31,EFA,0.014506390881052366,-0.08766634823946673,0.011605276,0.01569138821470337,0.3333333333333333
2022-05-31,EEM,0.011993105882707482,-0.051576814988382846,0.012339792,0.015830087294502544,0.0
2022-05-31,TLT,0.027857662548765663,-0.012745725484111792,0.0101392735,0.01390788050308348,0.3333333333333333
2022-05-31,GLD,0.00401834801708967,-0.01565965107712486,0.0074256794,0.009416087368888623,0.0
2022-05-31,VNQ,0.015728122077930413,-0.07448915384421662,0.013230458,0.018961337768046278,0.3333333333333333
2022-06-30,SPY,0.06593142068050083,0.08885362647330108,0.015428148,0.011882865374113403,0.3333333333333333
2022-06-30,QQQ,0.092675809748575,0.12483939909180797,0.01921985,0.016515810922772895,0.3333333333333333
2022-06-30,IWM,0.06499653806329292,0.10521969766875117,0.01788653,0.013944718042757057,0.3333333333333333
2022-06-30,EFA,0.016831828046677884,0.053128499728291034,0.0124596935,0.012690814799496844,0.0
2022-06-30,EEM,0.010341782430100952,-0.011970042135072467,0.014030112,0.011131378695306098,0.0
2022-06-30,TLT,0.0034766711061672306,0.04897959529548501,0.01041178,0.011403432242879895,0.0
2022-06-30,GLD,0.0040579807545723864,-0.02036096282719646,0.009071394,0.008808125013541118,0.0
2022-06-30,VNQ,0.024720498893542203,0.07737911596144609,0.0147646,0.01120055996067644,0.0
2022-08-31,SPY,0.009351486118874904,-0.09244558472972597,0.013471989,0.01506535315564355,0.3333333333333333
2022-08-31,QQQ,0.011751090261748667,-0.10535533001811814,0.01666575,0.018070253969667292,0.3333333333333333
2022-08-31,IWM,0.010936323449002777,-0.09660427835979957,0.014413495,0.017379407737309432,0.3333333333333333
2022-08-31,EFA,0.007976480497469565,-0.09222039584110187,0.012357829,0.015094114891600428,0.0
2022-08-31,EEM,0.004208961437376216,-0.1153942929595484,0.00988478,0.012261013662403031,0.0
2022-08-31,TLT,0.006172769410890135,-0.08235082390536641,0.011076124,0.015152274032792555,0.0
2022-08-31,GLD,0.006367890026151965,-0.028881810636775418,0.00900788,0.009572348751926299,0.0
2022-08-31,VNQ,0.009084407921033596,-0.12871287318575697,0.013455218,0.016607372703608972,0.0
2022-09-30,SPY,0.0045368971087667975,0.08127547891701448,0.014810336,0.017570724353698164,0.0
2022-09-30,QQQ,0.005598494172201802,0.03999873995463843,0.016831927,0.021079317399338687,0.0
2022-09-30,IWM,0.006433720775107638,0.11162983670876159,0.016228288,0.019239119423805268,0.3313558045919588
2022-09-30,EFA,0.004940277965973698,0.058918138652959584,0.014823864,0.016287752612669036,0.0
2022-09-30,EEM,0.006017781290086467,-0.019782186652319123,0.014332218,0.016919633213190444,0.0
2022-09-30,TLT,0.006294153111343594,-0.05964443119432428,0.012308565,0.012368846945506698,0.3343220977040206
2022-09-30,GLD,0.004090440741191196,-0.017844407703562548,0.008814791,0.010353851977899231,0.0
2022-09-30,VNQ,0.01663032281627071,0.03505040827766703,0.018880172,0.019897909315022114,0.3343220977040206
2022-10-31,SPY,0.006796307728833168,0.055591492995263,0.013456268,0.01758152089409633,0.0
2022-10-31,QQQ,0.007876867234050589,0.055441389982492595,0.015768131,0.02398763642283094,0.0
2022-10-31,IWM,0.006066890631971698,0.022036683417172798,0.014400728,0.020037684765919796,0.0
2022-10-31,EFA,0.012444165918294043,0.13168107309550603,0.01273311,0.017483637764214594,0.0
2022-10-31,EEM,0.022547216138897874,0.15589341182710004,0.015434286,0.01734828146366678,0.3333333333333333
2022-10-31,TLT,0.04726768565654882,0.07151097449128851,0.011974433,0.013305213923433833,0.3333333333333333
2022-10-31,GLD,0.00579843566280997,0.0849186596373046,0.01039005,0.011771437523231657,0.0
2022-10-31,VNQ,0.036807558002336135,0.06146055140134066,0.014495259,0.021007976216985576,0.3333333333333333
2022-11-30,SPY,0.011697978628806815,-0.05762825941067129,0.01284078,0.01134009133008274,0.3333333333333333
2022-11-30,QQQ,-0.010522401801256636,-0.09013679194945323,0.016442746,0.014226821369318887,0.0
2022-11-30,IWM,0.012833896989316121,-0.0651412842253416,0.01483196,0.01343012715931811,0.3333333333333333
2022-11-30,EFA,0.007082097046074325,-0.018129028681769355,0.013063263,0.009790538770953084,0.0
2022-11-30,EEM,0.011505565112060693,-0.02637481126854968,0.012905069,0.010034681033343242,0.3333333333333333
2022-11-30,TLT,0.004983553306659833,-0.02620059872814795,0.011494802,0.015018498107623991,0.0
2022-11-30,GLD,0.004911969362834381,0.02930648566594085,0.010554899,0.009998367088013767,0.0
2022-11-30,VNQ,-0.000972165235881723,-0.05034341674723064,0.014902748,0.01188968214348832,0.0
2023-01-31,SPY,0.0009211645853095434,-0.021329594201087043,0.0114076715,0.009533409531348654,0.0
2023-01-31,QQQ,0.013580283171023553,-0.0034281877082962264,0.013569016,0.015612183536790376,0.3333333333333333
2023-01-31,IWM,0.01442007629418678,-0.013630571168115724,0.012196872,0.011720796232862799,0.3333333333333333
2023-01-31,EFA,0.0035034660259019926,-0.023619932789128995,0.01061486,0.007800734904981572,0.0
2023-01-31,EEM,0.0005949783665312835,-0.052466326427545895,0.01219691,0.010583061138625281,0.0
2023-01-31,TLT,0.0010200048745341698,-0.06707366793395575,0.011618505,0.009687714523581777,0.0
2023-01-31,GLD,0.0011335817167534038,-0.04877097052224166,0.0101398835,0.008594028104174182,0.0
2023-01-31,VNQ,0.01440641915665397,-0.059631136558461084,0.012980673,0.0108658525981135,0.3333333333333333
2023-02-28,SPY,0.0032635734291087642,0.016710559655287227,0.011547247,0.01159398111163106,0.0
2023-02-28,QQQ,0.015420608496786937,0.06691688451231359,0.01532103,0.012874370079210292,0.3333333333333333
2023-02-28,IWM,0.002846522355341957,-0.06436756673046506,0.0132527035,0.0164705965509591,0.0
2023-02-28,EFA,0.005122287353618167,0.01427531013243799,0.009145054,0.012272694231541717,0.0
2023-02-28,EEM,0.006319987772684284,0.023280119697103974,0.01171856,0.011112793474834744,0.0
2023-02-28,TLT,0.003355919173964466,0.02818840814365209,0.0103370035,0.013917094298131734,0.0
2023-02-28,GLD,0.007519124195388649,0.07509718513176677,0.009456597,0.012961547543999979,0.3333333333333333
2023-02-28,VNQ,0.0065069083210666165,-0.05442877190618023,0.013325971,0.017655042961122774,0.3333333333333333
2023-03-31,SPY,0.0038104718503882123,0.003541884372654236,0.008405519,0.007674443133666874,0.0
2023-03-31,QQQ,0.0016368771544116808,-0.004829599452160216,0.01031088,0.009968762241472655,0.0
2023-03-31,IWM,0.0071282003418109054,-0.03755609266860782,0.012552545,0.011017399897190383,0.3333333333333333
2023-03-31,EFA,0.005830941601297122,0.017477719153831783,0.009042587,0.006643342215106889,0.3333333333333333
2023-03-31,EEM,0.003677362323595254,-0.02128726919472701,0.008625185,0.008006971212238829,0.0
2023-03-31,TLT,0.0008189022442166899,-0.001265170802948301,0.011302654,0.012385198213918288,0.0
2023-03-31,GLD,0.0003942043122810269,0.023469070096654443,0.010458602,0.009128488183920052,0.0
2023-03-31,VNQ,0.017340249333229127,-0.021194512479849492,0.012684872,0.010516578289652983,0.3333333333333333
2023-05-31,SPY,0.006079487444828952,0.06479964061928056,0.0094601195,0.0066197724803126355,0.3333333333333333
2023-05-31,QQQ,0.005675593002722263,0.06303806278342616,0.0094601195,0.010457057383670173,0.3333333333333333
2023-05-31,IWM,0.005213905191541814,0.08067343670866212,0.0094601195,0.013276559519468259,0.0
2023-05-31,EFA,0.005552666674649977,0.044700640394750524,0.0094601195,0.008706332334758565,0.0
2023-05-31,EEM,0.006057375406575844,0.043988514250594246,0.0094601195,0.009542457739367283,0.3333333333333333
2023-05-31,TLT,0.0053610219926504415,0.002170667985197383,0.011519423,0.008943783879543277,0.0
2023-05-31,GLD,0.004178188089796034,-0.02221370606110007,0.0094601195,0.007133459941821229,0.0
2023-05-31,VNQ,0.0034152425833734183,0.05629435501800284,0.012866402,0.011158299694351679,0.0
2023-06-30,SPY,0.0005737432631492959,0.02977825983109228,0.0081999,0.004999164582677093,0.0
2023-06-30,QQQ,-0.0075755005194853165,0.03619204583522584,0.011221174,0.008891441869943052,0.0
2023-06-30,IWM,0.00646965201155919,0.056228927647364646,0.0114491545,0.009838536730525774,0.3333333333333333
2023-06-30,EFA,-0.0006021944781844075,0.014206854164058313,0.00957693,0.008705579819122296,0.0
2023-06-30,EEM,-0.002860932432092728,0.04701716485932339,0.011057942,0.011618554266235946,0.0
2023-06-30,TLT,0.004789947462247485,-0.04141233476870354,0.009640365,0.008851113135947785,0.3333333333333333
2023-06-30,GLD,0.004756354921130644,0.012284750036013481,0.008211508,0.006874246950550313,0.3333333333333333
2023-06-30,VNQ,0.0036856786906131677,0.018669382489952202,0.010025066,0.008160079336380615,0.0
2023-07-31,SPY,-0.0009657794373380582,-0.018851351169480446,0.00834513,0.008054544004310138,0.0
2023-07-31,QQQ,-0.00737297192544295,-0.023222493194962612,0.009691384,0.011894585144041125,0.0
2023-07-31,IWM,-0.00744279302891059,-0.052740167429102924,0.010375604,0.008088469010260658,0.0
2023-07-31,EFA,0.0037869231456572968,-0.03505244462688328,0.009003102,0.008822900249106827,0.0
2023-07-31,EEM,-0.0016639485737778412,-0.05148983637406057,0.010338756,0.009522294406091918,0.0
2023-07-31,TLT,0.004435478490357265,-0.03472844553154364,0.009438682,0.011951138396962031,0.3333333333333333
2023-07-31,GLD,0.004468473241291331,-0.013600279151733563,0.00834513,0.004872762962620239,0.3333333333333333
2023-07-31,VNQ,0.0041689222547918675,-0.030142999290063144,0.010237127,0.008308787451837893,0.3333333333333333
2023-08-31,SPY,0.004419359925007124,-0.047813368247637156,0.008994597,0.006715842024913836,0.0
2023-08-31,QQQ,0.003588720427539295,-0.04287689374000403,0.009354358,0.009013010100053101,0.0
2023-08-31,IWM,0.0035643638404559553,-0.07275862239079445,0.008994597,0.009490004482355418,0.0
2023-08-31,EFA,0.004419359925007124,-0.05060795883876401,0.008994597,0.007263664027730787,0.0
2023-08-31,EEM,0.005192459271350442,-0.03599686754840925,0.009448054,0.008018798262520683,0.3333333333333333
2023-08-31,TLT,0.004460941051320905,-0.0949205336309833,0.009868547,0.009835350810683251,0.0
2023-08-31,GLD,0.006585062020130189,-0.05760476685847371,0.008994597,0.005410086469833607,0.3333333333333333
2023-08-31,VNQ,0.006451496421934889,-0.08967478844355747,0.008994597,0.010917772673649361,0.3333333333333333
2023-10-31,SPY,0.004232934153384201,0.0913437229817895,0.008926396,0.007061686085876653,0.0
2023-10-31,QQQ,0.0037338413941659797,0.10818839145631909,0.012076692,0.008992051283554115,0.0
2023-10-31,IWM,0.038935857931004236,0.0920253037503378,0.013827177,0.016668464664025093,0.3333333333333333
2023-10-31,EFA,0.004026313499075333,0.08218742530154821,0.008875707,0.008230224403972404,0.0
2023-10-31,EEM,0.004415938871156142,0.07792899232826445,0.009248988,0.009951524752862187,0.0
2023-10-31,TLT,0.010764621764771219,0.09923886774773938,0.015432708,0.013056706731772427,0.3333333333333333
2023-10-31,GLD,0.0052379197033587364,0.02531372564947043,0.010090115,0.006955248618070015,0.3333333333333333
2023-10-31,VNQ,0.00297516131272963,0.12081758607738413,0.01917808,0.015995567975464937,0.0
2023-11-30,SPY,0.0071919947620021595,0.03980353200882991,0.010870625,0.006067017379887303,0.3333333333333333
2023-11-30,QQQ,0.0068476190951332755,0.03800186037797948,0.012227313,0.008287778616735608,0.0
2023-11-30,IWM,0.0221323693138912,0.11461378109510556,0.013366587,0.014668643441287262,0.3333333333333333
2023-11-30,EFA,0.007157259772732144,0.04176555148444594,0.0110451225,0.007541532901935397,0.0
2023-11-30,EEM,0.006604725386925293,0.023548093864332653,0.011181928,0.00908187543773742,0.0
2023-11-30,TLT,0.0006458781560372017,0.08059234622967715,0.012703481,0.01170973692400345,0.0
2023-11-30,GLD,0.004250689310879048,0.01043709256001657,0.009657899,0.010011074145209001,0.0
2023-11-30,VNQ,0.01482283745122916,0.10386687065076905,0.0141184265,0.013021875979334156,0.3333333333333333
2024-01-31,SPY,0.004302716678243819,0.062065112212421614,0.0078684855,0.007599197080130564,0.0
2024-01-31,QQQ,0.004285648294532349,0.06868600429725125,0.009597639,0.01039295189414469,0.0
2024-01-31,IWM,0.01437998282893336,0.06745126651082667,0.00971017,0.015698961355110553,0.3333333333333333
2024-01-31,EFA,0.004346200376947989,0.039861261813894044,0.008339943,0.006897161963657802,0.0
2024-01-31,EEM,0.004537864893210103,0.054441216856470076,0.008765096,0.009088997688639447,0.3333333333333333
2024-01-31,TLT,0.003819034373112122,-0.01643114130075929,0.00830154,0.010604239517553198,0.0
2024-01-31,GLD,0.004302716678243819,0.023560639497519853,0.0075104856,0.006937398304272902,0.0
2024-01-31,VNQ,0.004705645632125361,0.03194665833430754,0.01002211,0.011693482303802752,0.3333333333333333
2024-02-29,SPY,0.004068850909096536,0.03090526936342375,0.0077419486,0.006021403546360761,0.0
2024-02-29,QQQ,0.004627333165382771,0.014893919772803743,0.009407669,0.009377519469882243,0.3333333333333333
2024-02-29,IWM,0.014864372587672084,0.025126110343316688,0.013974279,0.010121246718254638,0.3333333333333333
2024-02-29,EFA,0.004535588510794901,0.029385086419836393,0.007664272,0.005874958275583819,0.3333333333333333
2024-02-29,EEM,0.004198905608241286,0.029007191780582087,0.008886617,0.006589749323008216,0.0
2024-02-29,TLT,0.004081199859809723,-0.010958206798055703,0.010173951,0.007788413203292868,0.0
2024-02-29,GLD,0.004535588510794901,0.0977761872290761,0.007664272,0.007615891644520916,0.0
2024-02-29,VNQ,0.0040027157394594715,0.002416141633739599,0.010695767,0.010302782977566559,0.0
2024-04-30,SPY,0.004443190476163684,0.04109714271480236,0.008721639,0.005927317882629629,0.0
2024-04-30,QQQ,0.004034247944493425,0.06349658831611449,0.01065968,0.007750841812895377,0.0
2024-04-30,IWM,0.0047113254142803086,0.041602867544262345,0.011084623,0.00954864258432979,0.0
2024-04-30,EFA,0.004331796629181582,0.04063677435386204,0.008344899,0.007215237663078808,0.0
2024-04-30,EEM,0.004499024139739044,0.029519186798057317,0.009444988,0.00816725343655771,0.0
2024-04-30,TLT,0.0047802500799627905,0.02193113135670921,0.009341266,0.007414339214859555,0.3333333333333333
2024-04-30,GLD,0.005180589625919302,0.022183472484773592,0.01155073,0.010312207369508932,0.3333333333333333
2024-04-30,VNQ,0.005003766054558966,0.026378427785847425,0.011629476,0.009978371478149548,0.3333333333333333
2024-05-31,SPY,0.0034588889927982505,0.044392247482674785,0.008776062,0.003966255071861644,0.0
2024-05-31,QQQ,0.004395115614108378,0.08219035173526512,0.008776062,0.007389665160439755,0.3333333333333333
2024-05-31,IWM,0.0016938916284048892,-0.01616585419033778,0.008776062,0.00875571552161787,0.0
2024-05-31,EFA,0.0031537942639697667,-0.014131544524298767,0.008776062,0.0070313571702416405,0.0
2024-05-31,EEM,0.007235528996018736,0.03172194665901662,0.008776062,0.007042631684353469,0.3333333333333333
2024-05-31,TLT,0.004607420577848167,0.008389168637072286,0.008776062,0.01107240904705451,0.3333333333333333
2024-05-31,GLD,0.0042090592533912,0.0012075917471001674,0.008776062,0.011535607083503907,0.0
2024-05-31,VNQ,0.0017636404365638395,0.013890578865096925,0.008776062,0.006343944244898589,0.0
2024-07-31,SPY,0.005142579632208964,0.01368877441977312,0.008327606,0.012184422438105707,0.3333333333333333
2024-07-31,QQQ,0.003205653355339624,-0.0008704205895044836,0.016610907,0.016236720656283767,0.0
2024-07-31,IWM,0.0022448926666376436,-0.0225587166312613,0.011716988,0.018653949231328255,0.0
2024-07-31,EFA,0.004977424250009794,0.03098559485010055,0.007462036,0.01197664606043518,0.3333333333333333
2024-07-31,EEM,0.005073645017829599,0.00768331845063841,0.0084416075,0.012370110503825723,0.3333333333333333
2024-07-31,TLT,0.0031378401370823162,0.03211802947863518,0.007845287,0.010329025713632457,0.0
2024-07-31,GLD,0.0026547166324148667,0.028249807151943473,0.009360978,0.009263481623826095,0.0
2024-07-31,VNQ,0.004149013586989887,0.04214128167216358,0.008984997,0.010355159952337661,0.0
2024-09-30,SPY,0.004872838305283845,0.013960387816463582,0.009200757,0.005827534408809617,0.0
2024-09-30,QQQ,0.013916590008830677,0.024770978662111975,0.012157371,0.008482020361819104,0.3333333333333333
2024-09-30,IWM,0.015994012188113152,0.0038480327130157033,0.012506762,0.009784990856271188,0.3333333333333333
2024-09-30,EFA,0.005044962231426512,-0.04065517667092011,0.009366099,0.0066763184516132204,0.0
2024-09-30,EEM,0.007159409678322511,-0.014827731262779698,0.01294617,0.010416050162147942,0.3333333333333333
2024-09-30,TLT,0.005164421434715047,-0.05884376117920109,0.008595654,0.0075129053865831755,0.0
2024-09-30,GLD,0.00422912999002443,0.05360815810983355,0.00976065,0.006643548997946059,0.0
2024-09-30,VNQ,0.003331603652859185,-0.021248169328173305,0.009061495,0.00849740412007929,0.0
2024-10-31,SPY,0.0054370457727257685,0.061532943126291206,0.0077792155,0.007303583816271066,0.0
2024-10-31,QQQ,0.004879193489737775,0.06497885542020465,0.009585181,0.010097920340847498,0.0
2024-10-31,IWM,0.005282138759246823,0.11016719694943289,0.009911014,0.01621054604669831,0.0
2024-10-31,EFA,0.00597433076303069,-0.00037875352477878543,0.008945926,0.008544646854513241,0.3333333333333333
2024-10-31,EEM,0.0063700495977697955,-0.022947078807820875,0.010976848,0.010268974281896921,0.3333333333333333
2024-10-31,TLT,0.005764475663787113,0.022322573765060083,0.008441599,0.011779039999111023,0.3333333333333333
2024-10-31,GLD,0.00030507390544884724,-0.03972226848499316,0.00859175,0.013517564673307806,0.0
2024-10-31,VNQ,0.005444541370422052,0.02740317172411344,0.008604838,0.01049021704421996,0.0
2024-12-31,SPY,0.005981688828663076,0.019945939972323412,0.010205102,0.008741601555422645,0.0
2024-12-31,QQQ,0.005991029585269894,0.013457571922927736,0.01238592,0.01268886773380905,0.0
2024-12-31,IWM,0.00874621783658233,0.012988609292427178,0.012957016,0.010448300976962978,0.3333333333333333
2024-12-31,EFA,0.005865566814071455,0.03570950801524697,0.009162668,0.008310502390592302,0.0
2024-12-31,EEM,0.0059478154558788715,0.01410809856424744,0.010292193,0.009687678404930481,0.0
2024-12-31,TLT,0.010060234786703695,0.013105964717047058,0.009729907,0.0069659260268160016,0.3333333333333333
2024-12-31,GLD,0.004629354498206855,0.07355551645577152,0.010520487,0.007680492064455626,0.0
2024-12-31,VNQ,0.007966246692495044,0.014369142335434848,0.011513559,0.01261542846556098,0.3333333333333333
2025-01-31,SPY,0.004946599724266182,-0.041474273167730336,0.009579316,0.00895593913772136,0.3333333333333333
2025-01-31,QQQ,0.004448029691943494,-0.05119766471785414,0.009579316,0.012127145220632327,0.0
2025-01-31,IWM,0.004651460709756123,-0.0885729615235169,0.009579316,0.011653379587530908,0.0
2025-01-31,EFA,0.004332211270866301,0.040636014564555234,0.009579316,0.007711524598359374,0.0
2025-01-31,EEM,0.00492932306457468,0.011001786945603387,0.009579316,0.009664113634208483,0.3333333333333333
2025-01-31,TLT,0.005450824491986834,0.0488261513273851,0.009579316,0.009568510573964224,0.3333333333333333
2025-01-31,GLD,0.003993505097410409,0.04060953008641843,0.009579316,0.009266741269051207,0.0
2025-01-31,VNQ,0.004575950689330255,0.029817690943120922,0.009579316,0.006960891421075818,0.0
2025-02-28,SPY,0.004828786008599223,-0.05571911592986334,0.009344371,0.01304466561392287,0.3333333333333333
2025-02-28,QQQ,0.00634126330441715,-0.07586186015372376,0.014211145,0.017103251633113117,0.3333333333333333
2025-02-28,IWM,0.010293597112380561,-0.0685409690597013,0.013124363,0.014497797786757069,0.3333333333333333
2025-02-28,EFA,0.004731035318183121,0.0018386722504235564,0.009284098,0.011203217814262438,0.0
2025-02-28,EEM,0.004772265059498576,0.01134012677072782,0.010238858,0.012221259902026752,0.0
2025-02-28,TLT,0.004193543602192641,-0.012046879648388686,0.009244762,0.007371465404118969,0.0
2025-02-28,GLD,0.004799988552252644,0.09446585889998316,0.010245392,0.007626703531889185,0.0
2025-02-28,VNQ,0.004036842972532258,-0.02587789389448991,0.008924457,0.012021286143060536,0.0
2025-03-31,SPY,0.0045875018549375495,-0.008670179898342067,0.011167068,0.03319387568994722,0.0
2025-03-31,QQQ,0.013622973829659445,0.013968234619466058,0.014666719,0.037029874443995296,0.3333333333333333
2025-03-31,IWM,0.009722592534105269,-0.023209287549757818,0.012312411,0.03034287166361839,0.3333333333333333
2025-03-31,EFA,0.005891465708536446,0.036950860971410204,0.0100309905,0.02581411892967312,0.3333333333333333
2025-03-31,EEM,0.004570437418619211,0.0013729127716290979,0.011212177,0.02450875680343338,0.0
2025-03-31,TLT,0.005038266036453926,-0.013604701919412654,0.007516306,0.012733187461531119,0.0
2025-03-31,GLD,0.001130152007187368,0.05424437277239913,0.007952895,0.01846094394027566,0.0
2025-03-31,VNQ,0.003970586706498593,-0.024409104975535723,0.009823424,0.022668756196590156,0.0
2025-04-30,SPY,0.028454774740456032,0.06284486771162645,0.017868305,0.010687008499298491,0.3333333333333333
2025-04-30,QQQ,0.025572240901328945,0.09178286516305012,0.019126344,0.01240059159457998,0.3333333333333333
2025-04-30,IWM,0.02859766572850261,0.0523966192379679,0.01733065,0.014159617727805985,0.3333333333333333
2025-04-30,EFA,0.007125073765750895,0.04790558129677369,0.015029593,0.007124808271881789,0.0
2025-04-30,EEM,0.014801115594842783,0.04021939344333725,0.015354784,0.009343733656617973,0.0
2025-04-30,TLT,0.004965968624052103,-0.03210596249754738,0.010912276,0.007733584499056241,0.0
2025-04-30,GLD,-0.0034476172930056627,-0.0005595776946504261,0.013881898,0.017218723351317196,0.0
2025-04-30,VNQ,0.015280714771401948,0.011207950875338879,0.01500452,0.01049831830346944,0.0
2025-06-30,SPY,0.02158075310955947,0.026883514202886705,0.010215735,0.0040897030118399085,0.3333333333333333
2025-06-30,QQQ,0.01716059675490712,0.029693266822393927,0.01094783,0.004844790438833778,0.0
2025-06-30,IWM,0.014434986250076868,0.026739063357653414,0.01148776,0.010720032446568804,0.0
2025-06-30,EFA,0.015220569690924324,-0.010291974380248314,0.009658533,0.008703988087471382,0.0
2025-06-30,EEM,0.014015016239761136,0.012437706593614317,0.010007974,0.005880671932931049,0.0
2025-06-30,TLT,0.004184628529944681,-0.011965179370541867,0.008161983,0.007357464106548032,0.0
2025-06-30,GLD,0.019853210444188467,-0.01269558536778026,0.01224227,0.008349795215539546,0.3333333333333333
2025-06-30,VNQ,0.021612562243128235,0.015158293650912702,0.010358406,0.008831508768669723,0.3333333333333333
2025-07-31,SPY,0.004524617416823026,0.020519537835420598,0.0072708307,0.0075428627876222626,0.0
2025-07-31,QQQ,0.004181857244372881,0.00953975641223459,0.0072708307,0.009726347057202296,0.0
2025-07-31,IWM,0.0031622405276779107,0.07192667911012807,0.011040697,0.01421828520142513,0.0
2025-07-31,EFA,0.007114911811299654,0.04524687605754485,0.00951549,0.007056242282867105,0.3333333333333333
2025-07-31,EEM,0.004724333186210913,0.02677099401415739,0.0074762776,0.008059194301758272,0.0
2025-07-31,TLT,0.0061587737288482675,0.0001269640028818131,0.007670387,0.005936869158574927,0.3333333333333333
2025-07-31,GLD,0.0029376520331543675,0.049874624687468394,0.009882024,0.007537501426741403,0.0
2025-07-31,VNQ,0.004926818070871093,0.03477671339123911,0.009699097,0.008159398618486899,0.3333333333333333
2025-09-30,SPY,0.004878880862601257,0.03183831929852454,0.008179111,0.008613246143106119,0.0
2025-09-30,QQQ,0.0031058039432478733,0.05896365403874704,0.0083399005,0.011725227108838825,0.0
2025-09-30,IWM,0.007308162808142401,0.02016857219465229,0.00968065,0.013899174793604979,0.3333333333333333
2025-09-30,EFA,0.005254590145943886,0.018742671819471868,0.0078035216,0.007026163658412909,0.0
2025-09-30,EEM,0.003005864487162904,0.04887635226721798,0.008721569,0.013062499861825687,0.0
2025-09-30,TLT,0.00580244180243187,0.022793613195860152,0.008183638,0.005625018973708601,0.3333333333333333
2025-09-30,GLD,9.43420013754992e-05,0.02118321870604678,0.0095728,0.02157599566948111,0.0
2025-09-30,VNQ,0.005962450331162343,-0.031612269852594355,0.008104364,0.009807664137513005,0.3333333333333333
2025-10-31,SPY,0.005058162135796272,-0.0007769357449030068,0.00985336,0.009239006292816479,0.0
2025-10-31,QQQ,0.0020780225178512737,-0.011238992344602461,0.011804594,0.013278517770729161,0.0
2025-10-31,IWM,0.003124871479797491,-0.004304915562911682,0.012881702,0.014824753888352435,0.0
2025-10-31,EFA,0.005495706762951821,0.005820676216479859,0.008958573,0.008869667033044986,0.0
2025-10-31,EEM,0.0038294658804975475,-0.01808314911067599,0.011809211,0.008656308131188232,0.0
2025-10-31,TLT,0.007211387523205751,-0.00931314090060209,0.00825658,0.005508548768294945,0.3333333333333333
2025-10-31,GLD,0.021248696975175327,0.05193957234271074,0.017658042,0.011161134652423571,0.3333333333333333
2025-10-31,VNQ,0.006357851823969564,0.008858370944152316,0.011079831,0.00805215977348209,0.3333333333333333
2025-12-31,SPY,0.005508236968818225,0.019782361533880133,0.008115757,0.0063684138141359885,0.3333333333333333
2025-12-31,QQQ,0.003555785273798287,0.01925741480952392,0.0099715805,0.008441818087411075,0.0
2025-12-31,IWM,0.00454323901176238,0.06507959415031173,0.011431674,0.009886610008452321,0.0
2025-12-31,EFA,0.005385435158053567,0.05592005430431968,0.008115757,0.007893471770034912,0.0
2025-12-31,EEM,0.005492790181725151,0.08353134292267317,0.008115757,0.011112232635182203,0.3333333333333333
2025-12-31,TLT,0.005013219170692419,-0.0032004356679116164,0.008115757,0.005361284586954939,0.0
2025-12-31,GLD,0.02906978547691984,0.07776742326481956,0.013078809,0.029872694190502598,0.3333333333333333
2025-12-31,VNQ,0.005198127191202256,0.015482031711021138,0.008115757,0.008377981350690069,0.0
2026-03-31,SPY,0.002886087410561973,0.10505265471572445,0.010612738,0.007377208867093032,0.0
2026-03-31,QQQ,-0.0055093882230114475,0.15690079127441958,0.012686853,0.00960597306285425,0.0
2026-03-31,IWM,0.005940117457260254,0.12084677911573838,0.013053039,0.010375202507523865,0.0
2026-03-31,EFA,0.0018084857661781473,0.053433569321177155,0.0133281,0.012792947033548727,0.0
2026-03-31,EEM,0.006393173760729378,0.12678289570111367,0.017853476,0.016305489782886134,0.3092081536285703
2026-03-31,TLT,0.0047373190359285364,-0.008396584713689315,0.007844143,0.004302176124767132,0.0
2026-03-31,GLD,0.009976834621112709,-0.015408224107347213,0.01913942,0.013411166454666376,0.3453959231857148
2026-03-31,VNQ,0.009367117164872863,0.08602035113106843,0.01002465,0.00895628585112276,0.3453959231857148
